id,prova,subarea,previsto,enunciado
analista-de-ti-area-suporte-e-redes-ufrpe-progepe-ufpr-2024#63,analista-de-ti-area-suporte-e-redes-ufrpe-progepe-ufpr-2024,redes,sistemas,"No sistema PostgreSQL, é possível emitir um comando SQL similar ao seguinte: Sobre esse comando, assinale a alternativa correta."
especialista-em-seguranca-da-informacao-e-protecao-de-dados-ministerio-da-economia-cebraspe-2020#82,especialista-em-seguranca-da-informacao-e-protecao-de-dados-ministerio-da-economia-cebraspe-2020,seguranca,redes,"O modelo confiança zero estabelece que, depois de um usuário ser autenticado, devem-se fornecer a ele todos os acessos."
analista-em-computacao-enfase-em-seguranca-da-informacao-procergs-fundatec-2025#58,analista-em-computacao-enfase-em-seguranca-da-informacao-procergs-fundatec-2025,seguranca,sistemas,"Sobre o uso de diferentes modos de operação, analise as assertivas abaixo e assinale a alternativa correta. I. O modo kernel permite que processos de usuário executem instruções privilegiadas, desde que estejam devidamente autenticados pelo sistema operacional. II. O modo usuário restringe o acesso direto à memória e dispositivos de E/S, sendo projetado para minimizar o impacto de falhas ou comportamento malicioso. III. A troca entre modo usuário e modo kernel é realizada por meio de interrupções, chamadas de sistema (syscalls) ou exceções. IV. Todo o código do sistema operacional é executado no modo usuário para garantir que o hardware esteja protegido contra falhas críticas."
analista-de-sistemas-fapesp-vunesp-2026#29,analista-de-sistemas-fapesp-vunesp-2026,sistemas,seguranca,"Um analista de sistemas administra um computador com o sistema operacional Windows 11 e deseja converter o volume de um disco rígido de FAT32 para NTFS sem perda de dados. Um comando que pode ser utilizado, via Prompt de Comando, para essa conversão, é o"
analista-area-de-apoio-especializado-tecnologia-da-informacao-desenvolvimento-de-sistemas-dpe-rs-fgv-2023#65,analista-area-de-apoio-especializado-tecnologia-da-informacao-desenvolvimento-de-sistemas-dpe-rs-fgv-2023,sistemas,seguranca,"Fernando estava configurando um Web Server Tomcat para que pudesse hospedar o novo sistema de controle de estoque na rede interna da empresa. Porém, descobriu que o sistema utiliza componentes MDB, e foi obrigado a trocar o Tomcat pelo Application Server JBoss, porque o Tomcat:"
analista-em-computacao-enfase-em-seguranca-da-informacao-procergs-fundatec-2025#59,analista-em-computacao-enfase-em-seguranca-da-informacao-procergs-fundatec-2025,seguranca,sistemas,"Em relação ao Firmware, analise as seguintes asserções e a relação proposta entre elas: I. O Secure Boot é um recurso da Unified Extensible Firmware Interface (UEFI) que exige que todos os componentes de firmware e software de baixo nível sejam verificados antes do carregamento. PORQUE II. Mantém os resumos de assinantes confiáveis (chaves públicas e certificados) do firmware e dos módulos de código de software autorizados para interagir com o firmware da plataforma. A respeito dessas asserções, assinale a alternativa correta."
tecnologo-de-infraestrutura-de-ti-cra-mg-fumarc-2026#40,tecnologo-de-infraestrutura-de-ti-cra-mg-fumarc-2026,redes,sistemas,"O Docker utiliza uma interface de rede virtual para gerenciar a comunicação entre containers e o host. Considere as duas afirmativas a seguir: I . Por padrão, ao ser inicializado, o Docker cria automaticamente uma interface de rede virtual chamada docker0, que funciona como uma ponte (bridge) para encaminhar pacotes entre os containers e o host. II . Por atuar como uma ponte virtual, a interface docker0 permite que containers estabeleçam comunicação tanto com o host quanto entre si, sem necessidade de configuração manual adicional. Assinale a afirmativa CORRETA. (A) As afirmativas I e II estão corretas, e a II complementa a I. (B) As afirmativas I e II estão corretas, mas a II não justifica a I. (C) A afirmativa I está correta, e a II está incorreta. (D) A afirmativa I está incorreta, e a II está correta. 30 INSTRUÇÕES GERAIS PARA A PROVA DISCURSIVA Para desenvolver respostas às questões discursivas, atente para o disposto nos itens do Edital n. 01/2026, que regulamenta este Concurso Público, a seguir transcritos: 4.2. Prova Aberta [...] 4.2.1.4. A Prova Discursiva consistirá em 2 (duas) questões discursivas so- bre tema específico, a serem respondidas em até 15 (quinze) linhas, com extensão mínima de 10 (dez) linhas e máxima de 15 (quinze) linhas, no valor de 25 (vinte e cinco) pontos para cada questão. 4.2.1.5. Será desconsiderado, para efeito de avaliação, qualquer fragmento de texto que for escrito fora do local apropriado ou que ultrapassar a exten- são máxima de linhas estabelecidas por questão na Folha de Respostas da Prova Discursiva. 4.2.1.6. Será atribuída nota 0 (zero) na questão discursiva nos casos de:"
analista-legislativo-analista-de-redes-de-comunicacao-de-dados-ale-am-fgv-2025#70,analista-legislativo-analista-de-redes-de-comunicacao-de-dados-ale-am-fgv-2025,redes,sistemas,"Para implementar auditoria detalhada de acesso a dados sensíveis em Oracle Database visando conformidade regulatória, o tipo de auditoria que permite rastrear acessos específicos a linhas baseado em condições detalhadas é"
analista-legislativo-analista-de-redes-de-comunicacao-de-dados-ale-am-fgv-2025#75,analista-legislativo-analista-de-redes-de-comunicacao-de-dados-ale-am-fgv-2025,redes,sistemas,"Um cluster PostgreSQL de 8TB apresenta degradação de performance com planos de execução subótimos. Para otimizar o planejador de consultas, o conjunto de ações mais apropriado é"
analista-de-sistemas-prefeitura-camboriu-sc-furb-2025#22,analista-de-sistemas-prefeitura-camboriu-sc-furb-2025,sistemas,redes,Assinale a alternativa correta que apresenta a descrição do Active Directory Domain Services (AD DS):
analista-de-ti-infraestrutura-de-tecnologia-de-informacao-ifs-instituto-verbena-ufg-2024#39,analista-de-ti-infraestrutura-de-tecnologia-de-informacao-ifs-instituto-verbena-ufg-2024,redes,sistemas,"Google é um serviço de buscas avançadas que realiza pesquisas baseadas em combinação de resultados e/ou inclusão de palavras-chave. Se se quiser buscar uma frase inteira, como Instituto Federal de Sergipe, qual digitação deve ser feita no Google?"
analista-de-sistemas-ipam-de-caxias-do-sul-rs-fundatec-2026#43,analista-de-sistemas-ipam-de-caxias-do-sul-rs-fundatec-2026,sistemas,redes,"No que se refere à pilha de protocolos da arquitetura TCP/IP, qual é a principal função do protocolo ICMP?"
agente-especializado-analista-de-seguranca-da-informacao-mp-es-fgv-2026#43,agente-especializado-analista-de-seguranca-da-informacao-mp-es-fgv-2026,seguranca,sistemas,"Com relação à Gestão de Continuidade de Negócios (GCN), assinale a afirmativa correta."
analista-em-computacao-enfase-em-seguranca-da-informacao-procergs-fundatec-2025#48,analista-em-computacao-enfase-em-seguranca-da-informacao-procergs-fundatec-2025,seguranca,redes,"Sobre as tecnologias de IAM e suas ferramentas, analise as assertivas abaixo e assinale a alternativa correta. I. SAML é importante devido a funcionar em vários sistemas operacionais e computadores diferentes, o que permite garantir acesso de segurança em uma variedade de contextos. II. SCIM ajuda as organizações a gerenciar identidades de usuário de uma maneira padronizada que funciona em vários aplicativos e soluções (provedores). III. OIDC adiciona um aspecto de identidade ao 0Auth 2.0, que é uma estrutura para autorização. Ele envia tokens que contêm informações sobre o usuário entre o provedor de identidade e o provedor de serviços. IV. SAML é o que permite o logon único. Depois que um usuário foi autenticado com sucesso, o SAML notifica outros aplicativos que o usuário é uma entidade verificada."
analista-de-redes-camara-de-cotia-sp-instituto-consulplan-2024#33,analista-de-redes-camara-de-cotia-sp-instituto-consulplan-2024,redes,sistemas,"“No Sistema Operacional Linux, através do método __________, a impressão será tratada através do spool remoto (lpd ou lprng) e enviada ao servidor de impressão.” Assinale a alternativa que completa corretamente a afirmativa anterior."
anc-analista-em-computacao-enfase-em-seguranca-da-informacao-procergs-fundatec-2023#52,anc-analista-em-computacao-enfase-em-seguranca-da-informacao-procergs-fundatec-2023,seguranca,redes,"Sobre o WebSeryer, analise as assertivas abaixo e assinale V, se verdadeiras, ou F, se falsas. ( ) Os servidores web estáticos enviam os arquivos de um site de volta para o navegador não contendo mudanças. ( ) Os servidores web dinâmicos atualizam os arquivos hospedados depois de entregá-los através do servidor HTTP. ( ) O serviço de log rastreia a quantidade de tempo em que um servidor da web está funcional e pode processar requisições ou entregar arquivos. ( ) A limitação de bandwidth controla a velocidade das respostas do servidor para garantir que a rede não seja sobrecarregada e consiga entregar os arquivos sem problemas."
analista-de-previdencia-complementar-area-9-sistemas-e-governanca-de-tecnologia-da-informacao-funpresp-exe-cebraspe-2025#72,analista-de-previdencia-complementar-area-9-sistemas-e-governanca-de-tecnologia-da-informacao-funpresp-exe-cebraspe-2025,sistemas,seguranca,"O consentimento do titular dos dados pessoais pode ser obtido de forma implícita e inferido a partir de ações indiretas do titular, como a navegação em um site ou o uso de um serviço."
analista-de-ti-area-suporte-e-redes-ufrpe-progepe-ufpr-2024#64,analista-de-ti-area-suporte-e-redes-ufrpe-progepe-ufpr-2024,redes,sistemas,"Suponha que um servidor SQL vai receber solicitações de comandos como INSERT, UPDATE ou DELETE, e se pretende manter a integridade dos dados através de comandos de transação, iniciando os comandos com BEGIN TRANSACTION. Se, por acaso, for detectado que houve algum erro, por exemplo, num comando UPDATE, qual dos seguintes comandos faz o banco de dados retornar ao estado anterior?"
analista-legislativo-analista-de-redes-de-comunicacao-de-dados-ale-am-fgv-2025#57,analista-legislativo-analista-de-redes-de-comunicacao-de-dados-ale-am-fgv-2025,redes,sistemas,"Em sistemas de banco de dados, o mecanismo que executa automaticamente um conjunto de comandos em resposta a eventos específicos (INSERT, UPDATE, DELETE) em uma tabela é denominado"
analista-de-redes-camara-de-cotia-sp-instituto-consulplan-2024#34,analista-de-redes-camara-de-cotia-sp-instituto-consulplan-2024,redes,sistemas,"No Sistema Operacional Linux, os chains são locais onde as regras do firewall definidas pelo usuário são armazenadas para operação do firewall. Existem dois tipos de chains: os embutidos e os criados pelo usuário. Tabelas são os locais usados para armazenar os chains – conjunto de regras com uma determinada característica em comum. A tabela padrão contém três chains; assinale-a."
analista-de-suporte-de-redes-e-sistemas-cam-goiania-go-instituto-verbena-2026#57,analista-de-suporte-de-redes-e-sistemas-cam-goiania-go-instituto-verbena-2026,redes,seguranca,"Considerando a tríade de propriedades de segurança da informação conhecida pelo acrônimo “CIA” – Confidencialidade (Confidentiality), Integridade (Integrity) e Disponibilidade (Availability), a propriedade da integridade, quando aplicada a dados armazenados ou comunicados na rede, pode ser obtida por meio do uso de"
analista-de-sistemas-prefeitura-castelo-es-ibade-2025#40,analista-de-sistemas-prefeitura-castelo-es-ibade-2025,sistemas,seguranca,Qual técnica de segurança utiliza um par de chaves (pública e privada) para autenticar a origem de uma mensagem?
informatica-hardware-e-redes-blumenau-ifc-sc-fundatec-2026#47,informatica-hardware-e-redes-blumenau-ifc-sc-fundatec-2026,redes,seguranca,"O DHCP (Dynamic Host Configuration Protocol) automatiza a atribuição de parâmetros de rede a um host quando este se conecta a uma sub-rede. O processo se inicia com o host enviando uma mensagem de ____________ por difusão, com endereço IP de origem 0.0.0.0, pois ainda não possui endereço atribuído. O servidor DHCP responde com uma mensagem de ____________, contendo o endereço IP proposto e o tempo de ____________ — o período pelo qual o endereço será válido. Além do endereço IP, o DHCP fornece ao cliente a máscara de sub-rede, o endereço do gateway padrão e o endereço do servidor ____________ local. Assinale a alternativa que preenche, correta e respectivamente, as lacunas do trecho acima."
analista-de-sistemas-prefeitura-camboriu-sc-furb-2025#32,analista-de-sistemas-prefeitura-camboriu-sc-furb-2025,sistemas,redes,"Sobre os equipamentos utilizados em redes de computadores e suas respectivas funções, é correto afirmar que:"
tecnico-em-desenvolvimento-analista-de-sistemas-enfase-em-analista-de-infraestrutura-badesul-legalle-concursos-2026#51,tecnico-em-desenvolvimento-analista-de-sistemas-enfase-em-analista-de-infraestrutura-badesul-legalle-concursos-2026,redes,sistemas,"O modelo ICp/Ip (Transmission Control Protocol/Internet Protocol) organiza a comunicação em redes de computadores em camadas, cada uma com funçôes específicas. Considerando a estrutura do modelo TCPfiP, analise as assertivas abaixo e julgue-as em Verdadeiras (V) ou Falsas (F): ( ) A camada de Transporte fica imediatamente abaixo da camada de Acesso à Rede. ( ) Na camada de Acesso à Rede, rodam os protocolos TCP (Transmission Control protocol) e UDp (user Datagram Protocol). ( ) A camada de Internet fica entre as camadas de Transporte e Acesso à Rede. ( ) A camada de Aplicação fica no nível mais alto e nela roda o protocolo HTTPS (Hypertext Transfer protocol Secure). Qual alternativa preenche, CORRETAMENTE, de cima para baixo, os parênteses acima?"
analista-de-sistemas-classe-b-dpe-ro-fgv-2025#57,analista-de-sistemas-classe-b-dpe-ro-fgv-2025,sistemas,redes,"No desenvolvimento de software, a arquitetura de aplicações web é a estrutura e organização de um sistema web, que define como os componentes interagem entre si. Dentre diversos arranjos, o padrão de arquitetura hexagonal (também conhecido como padrão de portas e adaptadores) objetiva"
analista-area-ciencias-exatas-e-da-terra-subarea-sistemas-de-informacao-embrapa-cebraspe-2025#71,analista-area-ciencias-exatas-e-da-terra-subarea-sistemas-de-informacao-embrapa-cebraspe-2025,sistemas,redes,"Na arquitetura em camadas, a camada de apresentação é responsável por fornecer os dados diretamente ao banco de dados para armazenamento, sem intermediários."
analista-judiciario-ciberseguranca-tj-rr-fgv-2024#37,analista-judiciario-ciberseguranca-tj-rr-fgv-2024,seguranca,sistemas,"A OWASP (Open Web Application Security Project) é uma organização sem fins lucrativos dedicada a melhorar a segurança de software. O OWASP Top 10 é um documento de conscientização padrão para desenvolvedores e segurança de aplicações Web. Ele representa um amplo consenso sobre os 10 riscos de segurança mais críticos para as aplicações desse tipo. A seguir são apresentados três riscos de segurança existentes na OWASP Top 10 do ano de 2021. Correlacione esses riscos com as falhas de desenvolvimento Web apresentadas na sequência. 1. Controle de Acesso Quebrado (Broken Access Control). 2. Falhas Criptográficas (Cryptographic Failures). 3. Injeção (Injection). ( ) A transmissão de senhas de login é realizada em texto claro, sendo possível sua visualização em interceptações. ( ) Comandos maliciosos são inseridos em campos de interação com o usuário, como os de login e senha, permitindo acesso não autorizado. ( ) Um usuário comum consegue acessar áreas administrativas sem a necessidade de autenticação. A relação correta, na ordem apresentada, é:"
analista-de-tecnologia-da-informacao-infraestrutura-de-ti-tce-ac-cebraspe-2024-24#67,analista-de-tecnologia-da-informacao-infraestrutura-de-ti-tce-ac-cebraspe-2024-24,redes,seguranca,"Normalmente, a chave privada está incluída em um certificado digital, assim, o destinatário de uma mensagem assinada digitalmente é capaz de fazer a verificação de assinatura."
anc-analista-em-computacao-enfase-em-seguranca-da-informacao-procergs-fundatec-2023#23,anc-analista-em-computacao-enfase-em-seguranca-da-informacao-procergs-fundatec-2023,seguranca,redes,"O Sistema Operacional Linux permite a manipulação de usuários e grupos através do modo texto. Assinale a sequência de comandos que são utilizados para atualizar as informações dos usuários, senha e logins."
analista-judiciario-analista-de-redes-de-computadores-poder-judiciario-ac-ivin-2024#38,analista-judiciario-analista-de-redes-de-computadores-poder-judiciario-ac-ivin-2024,redes,seguranca,"Os serviços TELNET e SSH têm por finalidade permitir a conexão remota aos servidores físicos, em cloud ou híbridos, facilitando tarefas de administração de rede. Em comparação ao SSH, o TELNET se apresenta mais vulnerável devido à/ao:"
analista-de-suporte-especializacao-em-redes-de-computadores-prefeitura-rio-branco-ac-instituto-verbena-2024#56,analista-de-suporte-especializacao-em-redes-de-computadores-prefeitura-rio-branco-ac-instituto-verbena-2024,redes,sistemas,Um modelo arquitetônico que enfatiza a capacidade de compartilhar recursos de forma eficiente entre vários clientes enquanto mantém a segurança e a privacidade dos dados de cada cliente é denominado de
analista-judiciario-analista-de-redes-de-computadores-poder-judiciario-ac-ivin-2024#45,analista-judiciario-analista-de-redes-de-computadores-poder-judiciario-ac-ivin-2024,redes,seguranca,"De acordo com o algoritmo RSA, ao assinar um pacote de dados com a chave privada e permitir que o conteúdo seja verificado pela chave pública no receptor, garante-se a propriedade denominada:"
analista-de-sistemas-prefeitura-camboriu-sc-furb-2025#26,analista-de-sistemas-prefeitura-camboriu-sc-furb-2025,sistemas,redes,"o Em relação aos componentes da arquitetura de hardware de computadores, assinale a alternativa correta:"
analista-de-suporte-especializacao-em-seguranca-da-informacao-prefeitura-rio-branco-ac-instituto-verbena-2024#31,analista-de-suporte-especializacao-em-seguranca-da-informacao-prefeitura-rio-branco-ac-instituto-verbena-2024,seguranca,redes,Qual é protocolo utilizado pelo sistema operacional Windows que fornece um mecanismo para que clientes possam usar os serviços de acesso a arquivos e impressão através de uma rede?
analista-de-infraestrutura-de-tecnologia-da-informacao-cau-br-cebraspe-2024#78,analista-de-infraestrutura-de-tecnologia-da-informacao-cau-br-cebraspe-2024,redes,seguranca,O algoritmo RSA utiliza a função matemática Totiente de Euler para gerar chaves criptográficas assimétricas públicas e privadas.
tecnologo-de-infraestrutura-de-ti-cra-mg-fumarc-2026#37,tecnologo-de-infraestrutura-de-ti-cra-mg-fumarc-2026,redes,seguranca,"Um analista de sistemas está explicando para sua equipe como funciona a comunicação segura entre um navegador e um servidor web. Ele menciona que, ao acessar um site cujo endereço começa com HTTPS, uma série de mecanismos de segurança é ativada automaticamente para proteger os dados trafegados. Analise as afirmativas abaixo, considerando-as verdadeiras (V) ou falsas (F): ( ) O protocolo TLS é o sucessor do SSL e ambos têm como objetivo fornecer segurança nas comunicações em rede, oferecendo serviços de confidencialidade, integridade e autenticação. ( ) O HTTPS nada mais é do que o protocolo HTTP operando sobre uma camada de segurança SSL/TLS, sendo identificado pelo prefixo https:// na URL e pelo ícone de cadeado no navegador. ( ) Após o handshake TLS, toda a comunicação da sessão passa a ser protegida exclusivamente por criptografia assimétrica, pois ela é mais segura do que a criptografia simétrica e não impõe sobrecarga ao sis- tema. A sequência CORRETA, de cima para baixo, é"
analista-de-previdencia-complementar-area-9-sistemas-e-governanca-de-tecnologia-da-informacao-funpresp-exe-cebraspe-2025#78,analista-de-previdencia-complementar-area-9-sistemas-e-governanca-de-tecnologia-da-informacao-funpresp-exe-cebraspe-2025,sistemas,seguranca,"A análise SWOT pode ser usada, no plano diretor de TI, para identificar pontos fortes, fraquezas, oportunidades e ameaças da TI, e permite que se alinhe a estratégia de TI às necessidades e aos objetivos organizacionais."
tecnico-de-nivel-superior-analista-de-sistemas-computacionais-analista-de-seguranca-de-ti-tj-ms-fgv-2024#29,tecnico-de-nivel-superior-analista-de-sistemas-computacionais-analista-de-seguranca-de-ti-tj-ms-fgv-2024,seguranca,redes,"Camila, analista do TJMS, foi incumbida de conceber uma solução de IoT capaz de otimizar o consumo de energia e estabelecer rotinas alinhadas com as operações do Tribunal. Camila recomendou a adoção de um protocolo que opera mediante a criação de pontos repetidores, permitindo, por exemplo, que uma tomada inteligente atue como um amplificador de sinal. O protocolo de comunicação sugerido foi:"
analista-judiciario-analista-de-redes-de-computadores-poder-judiciario-ac-ivin-2024#40,analista-judiciario-analista-de-redes-de-computadores-poder-judiciario-ac-ivin-2024,redes,seguranca,"Um incidente de segurança é qualquer evento adverso, confirmado ou sob suspeita, relacionado à segurança dos sistemas de computação ou das redes de computadores. Um exemplo de incidente de segurança da informação que explora uma vulnerabilidade é:"
analista-judiciario-tecnologia-da-informacao-analista-de-seguranca-da-informacao-tj-rs-fgv-concursos-2025#59,analista-judiciario-tecnologia-da-informacao-analista-de-seguranca-da-informacao-tj-rs-fgv-concursos-2025,seguranca,redes,"A analista Renata está implementando o fluxo Authorization Code Grant com Proof Key for Code Exchange (PKCE), do OAuth 2.0, em um aplicativo mobile, a fim de acessar uma API protegida. Conforme as especificações do OAuth 2.0 para esse fluxo, o servidor de autenticação deve efetuar certas validações na fase de troca do código de autorização pelo token de acesso. A passagem de parâmetros para o servidor de autenticação foi implementada pela analista de forma correta, ao longo de todo o fluxo. Cabe ao servidor de autorização verificar, na referida fase, se:"
analista-de-ti-area-suporte-e-redes-ufrpe-progepe-ufpr-2024#28,analista-de-ti-area-suporte-e-redes-ufrpe-progepe-ufpr-2024,redes,sistemas,"No Git, qual é a finalidade do comando git clone?"
analista-de-tecnologia-da-informacao-seguranca-da-informacao-tce-ac-cebraspe-2024-62#66,analista-de-tecnologia-da-informacao-seguranca-da-informacao-tce-ac-cebraspe-2024-62,seguranca,sistemas,O SQL injection e o cross‐site scripting utilizam a linguagem JavaScript.
analista-em-computacao-enfase-em-seguranca-da-informacao-procergs-fundatec-2025#42,analista-em-computacao-enfase-em-seguranca-da-informacao-procergs-fundatec-2025,seguranca,sistemas,"Considerando as práticas e objetivos da computação forense digital, assinale a alternativa que descreve corretamente uma de suas finalidades principais."
analista-em-tecnologia-da-informacao-seguranca-da-informacao-prefeitura-cariacica-es-idesg-2025#42,analista-em-tecnologia-da-informacao-seguranca-da-informacao-prefeitura-cariacica-es-idesg-2025,seguranca,redes,"Sobre o cartão de débito da CAIXA, foram feitas as seguintes afirmações: I. Pode-se fazer o cadastro do cartão de débito das bandeiras Visa e Mastercard na carteira digital Samsung Pay e Google Pay. II. A senha utilizada no cartão de débito da CAIXA para realizar compras é a mesma cadastrada para movimentação da conta. III. A tecnologia de chip utilizada no cartão de débito da CAIXA viabiliza que o uso do cartão seja prático e seguro. Sobre as afirmações acima, pode-se afirmar que:"
analista-judiciario-ciberseguranca-tj-rr-fgv-2024#41,analista-judiciario-ciberseguranca-tj-rr-fgv-2024,seguranca,sistemas,"No contexto de criptografia de chave simétrica, faça a associação dos seguintes algoritmos com as técnicas de cifragem utilizadas. ( ) 3DES. 1. Cifra de bloco. ( ) RC4. 2. Cifra de fluxo. ( ) AES. ( ) SEAL. A associação correta, na ordem dada, é"
analista-judiciario-analista-de-seguranca-da-informacao-poder-judiciario-ac-ivin-2024#42,analista-judiciario-analista-de-seguranca-da-informacao-poder-judiciario-ac-ivin-2024,seguranca,redes,"No sistema Ubuntu Linux, um arquivo “teste.sh” possui o conjunto de permissões “-rw-rw-r--”. Contudo, foi solicitado ao administrador do sistema que adicionasse a permissão de execução apenas para o proprietário do aquivo e a seu grupo. Assim, com base nas permissões atuais do arquivo e no pedido feito ao administrador, o comando que atende à solicitação é o: s"
analista-de-ti-infraestrutura-de-tecnologia-de-informacao-ifs-instituto-verbena-ufg-2024#42,analista-de-ti-infraestrutura-de-tecnologia-de-informacao-ifs-instituto-verbena-ufg-2024,redes,seguranca,"Para proteger o acesso a um computador conectado a uma rede, podem ser utilizados diversos dispositivos. Você, como responsável pela infraestrutura de tecnologia, deve escolher uma opção para impedir que o tráfego com origem na internet faça conexão com seu computador pessoal. Qual tecnologia deve ser utilizada nessa situação?"
analista-judiciario-area-apoio-especializado-especialidade-seguranca-da-informacao-trf-1-fgv-2024#57,analista-judiciario-area-apoio-especializado-especialidade-seguranca-da-informacao-trf-1-fgv-2024,seguranca,sistemas,"No gerenciamento de uma rede, foi verificado que um agente recebeu uma mensagem SNMPv2-PDU do tipo InformRequest. É correto afirmar que o agente:"
analista-area-de-apoio-especializado-tecnologia-da-informacao-desenvolvimento-de-sistemas-dpe-rs-fgv-2023#44,analista-area-de-apoio-especializado-tecnologia-da-informacao-desenvolvimento-de-sistemas-dpe-rs-fgv-2023,sistemas,seguranca,"Ana trabalha na empresa X, que presta serviço de Tecnologia da Informação à DPE/RS. Durante o funcionamento do site da Defensoria, notou a ocorrência de deadlock. Ana iniciou uma investigação para identificar a tarefa que ocasionou o deadlock. A atividade executada pela aplicação que ocasionou o deadlock foi:"
analista-de-suporte-especializacao-em-seguranca-da-informacao-prefeitura-rio-branco-ac-instituto-verbena-2024#46,analista-de-suporte-especializacao-em-seguranca-da-informacao-prefeitura-rio-branco-ac-instituto-verbena-2024,seguranca,redes,O LDAP é um protocolo da Internet que viabiliza o acesso a serviços de diretórios distribuídos que atuam em conformidade técnica com o seguinte modelo:
analista-em-computacao-enfase-em-seguranca-da-informacao-procergs-fundatec-2025#51,analista-em-computacao-enfase-em-seguranca-da-informacao-procergs-fundatec-2025,seguranca,sistemas,"Uma empresa está modernizando seu processo de desenvolvimento adotando o Azure DevOps e aplicando as diretrizes do Secure Development Lifecycle (SDL). O pipeline de CI/CD foi configurado para incluir SAST usando o SonarQube e DAST com o OWASP ZAP. O objetivo é reduzir falhas de segurança desde a codificação até a execução em ambientes de teste. Em relação ao contexto apresentado, analise as assertivas a seguir: I. O SAST (SonarQube) deve rodar durante as etapas de build no Azure DevOps, analisando o código-fonte para encontrar vulnerabilidades como injeção de SQL e falhas de autenticação, podendo bloquear a pipeline antes do deploy. II. O DAST (OWASP ZAP) deve ser executado no ambiente de testes, realizando ataques simulados contra o aplicativo já em execução, detectando problemas como configurações inseguras de HTTP headers e falhas de autorização. III. O DAST depende de acesso ao código-fonte para localizar vulnerabilidades em tempo de execução. IV. A execução combinada de SAST e DAST no pipeline cobre vulnerabilidades tanto estáticas (no código) quanto dinâmicas (em runtime), fortalecendo a segurança em múltiplas camadas. Quais estão corretas?"
analista-area-de-apoio-especializado-tecnologia-da-informacao-seguranca-da-informacao-dpe-rs-fgv-2023#61,analista-area-de-apoio-especializado-tecnologia-da-informacao-seguranca-da-informacao-dpe-rs-fgv-2023,seguranca,redes,"A empresa na qual Letícia trabalha migrou recentemente todas as máquinas para o sistema operacional Ubuntu. Numa instalação padrão, para editar o arquivo de configuração global do sistema, Letícia deve acessar a pasta:"
analista-de-suporte-especializacao-em-redes-de-computadores-prefeitura-rio-branco-ac-instituto-verbena-2024#55,analista-de-suporte-especializacao-em-redes-de-computadores-prefeitura-rio-branco-ac-instituto-verbena-2024,redes,sistemas,"O modelo de arquitetura em que vários sistemas independentes são interconectados por meio de interfaces e protocolos padronizados, com o objetivo de criar um sistema integrado e coeso, é conhecido como Arquitetura"
analista-de-tecnologia-da-informacao-seguranca-da-informacao-tce-ac-cebraspe-2024-62#97,analista-de-tecnologia-da-informacao-seguranca-da-informacao-tce-ac-cebraspe-2024-62,seguranca,redes,"Para que o IMAP e o IMAPS sejam negados em suas portas padrão, o administrador deve bloquear as portas 143 e 993, ambas com o TCP."
analista-de-sistemas-suporte-brde-fundatec-2025#48,analista-de-sistemas-suporte-brde-fundatec-2025,sistemas,seguranca,"Uma empresa que migrou seus serviços para a nuvem deseja reforçar a segurança no acesso dos usuários e alinhar-se a políticas de conformidade. Entre as medidas adotadas estão:  Solicitar confirmação de login por código no celular.  Restringir acessos de dispositivos não compatíveis com as normas da empresa.  Bloquear ataques vindos de e-mails e links maliciosos. As medidas adotadas referem-se, respectivamente, a:"
analista-de-sistemas-prefeitura-camboriu-sc-furb-2025#27,analista-de-sistemas-prefeitura-camboriu-sc-furb-2025,sistemas,redes,"Sobre a memória cache em um sistema computacional, assinale a alternativa correta:"
analista-judiciario-analista-de-redes-de-computadores-poder-judiciario-ac-ivin-2024#33,analista-judiciario-analista-de-redes-de-computadores-poder-judiciario-ac-ivin-2024,redes,seguranca,"O protocolo de segurança de redes sem fio que especifica implementações fracas de criptografia RC4 e que, por essa fragilidade característica, é vulnerável a ponto de não impedir que um atacante obtenha a chave usada para cifrar os pacotes a partir do próprio tráfego cifrado é o:"
analista-de-suporte-especializacao-em-redes-de-computadores-prefeitura-rio-branco-ac-instituto-verbena-2024#57,analista-de-suporte-especializacao-em-redes-de-computadores-prefeitura-rio-branco-ac-instituto-verbena-2024,redes,seguranca,"Ao definir a arquitetura e infraestrutura global em nuvem para uma aplicação altamente escalável e distribuída para uma organização, é aconselhável que o responsável pelo projeto siga algumas diretrizes e padrões técnicos, dentre eles:"
tecnico-de-nivel-superior-analista-de-sistemas-computacionais-analista-de-seguranca-de-ti-tj-ms-fgv-2024#22,tecnico-de-nivel-superior-analista-de-sistemas-computacionais-analista-de-seguranca-de-ti-tj-ms-fgv-2024,seguranca,sistemas,"O analista Adam está avaliando a implementação de um novo Sistema Operacional (SO) para aprimorar a infraestrutura tecnológica do sistema judiciário. Ele precisa escolher um sistema que ofereça robustez em termos de gerenciamento de memória e processos, além de suportar multitarefa eficiente. Considerando esses requisitos, o tipo de SO que Adam deve escolher é o:"
analista-de-sistemas-tj-sc-fgv-2026#61,analista-de-sistemas-tj-sc-fgv-2026,sistemas,redes,"Com relação aos tipos de nuvens, no contexto da computação em ale nuvem, analise os itens a seguir. I. Uma nuvem tipo híbrida é uma combinação de dois ou mais modelos de implantação de nuvem. II. Uma nuvem tipo pública é aquela que provê os serviços do setor público do Estado, de forma gratuita aos cidadãos. III. Um provedor de serviço em nuvem do tipo privada não oferece o modelo SaaS. Está correto o que se afirma em"
analista-de-informatica-ii-desenvolvimento-de-sistemas-institucionais-unesp-vunesp-2026#29,analista-de-informatica-ii-desenvolvimento-de-sistemas-institucionais-unesp-vunesp-2026,sistemas,redes,"Em encriptação de dados assimétrica, no cenário em que o participante A envia uma mensagem encriptada para o participante B, denotando-se a mensagem antes da encriptação por M, é correto afirmar que"
analista-de-planejamento-e-orcamento-especialidade-gestao-de-infraestrutura-de-ti-mpo-cebraspe-2024#77,analista-de-planejamento-e-orcamento-especialidade-gestao-de-infraestrutura-de-ti-mpo-cebraspe-2024,redes,seguranca,"É necessário gerenciar tanto a segurança física quanto a lógica, uma vez que ambas influenciam na melhoria da disponibilidade das aplicações."
analista-legislativo-analista-de-redes-de-comunicacao-de-dados-ale-am-fgv-2025#50,analista-legislativo-analista-de-redes-de-comunicacao-de-dados-ale-am-fgv-2025,redes,sistemas,"No SQL, o conceito que agrupa um conjunto de operações de banco de dados como uma unidade lógica de trabalho, permitindo confirmação (COMMIT) ou reversão (ROLLBACK) completa, é denominado"
analista-de-planejamento-e-orcamento-especialidade-gestao-de-infraestrutura-de-ti-mpo-cebraspe-2024#94,analista-de-planejamento-e-orcamento-especialidade-gestao-de-infraestrutura-de-ti-mpo-cebraspe-2024,redes,sistemas,"Considere que, em certa loja, os pedidos realizados por vendedores sejam salvos em uma tabela SQL pedidos, que as informações dos vendedores dessa loja sejam registradas na tabela vendedores e que cada um desses vendedores possua um código que é salvo na variável codigo_vendedor. Nessa situação hipotética, a execução do comando a seguir permitirá apagar todos os registros de pedidos realizados por vendedores-fantasmas (operação caça-fantasma)."
analista-judiciario-tecnologia-da-informacao-analista-de-seguranca-da-informacao-tj-rs-fgv-concursos-2025#36,analista-judiciario-tecnologia-da-informacao-analista-de-seguranca-da-informacao-tj-rs-fgv-concursos-2025,seguranca,sistemas,"No contexto da segurança da informação, a chamada tríade CIA (Confidentiality, Integrity, Availability) representa três princípios fundamentais que orientam a proteção de ativos de informação nas organizações. Associe cada situação ao principal princípio de segurança afetado. 1. Confidencialidade 2. Integridade 3. Disponibilidade ( ) Um erro em um processo de atualização de software altera indevidamente parte dos registros de transações financeiras. ( ) Uma pane em um servidor impede, por horas, o acesso dos usuários a um sistema crítico de emissão de passagens. ( ) Um funcionário sem autorização consegue visualizar o prontuário médico de um paciente em um sistema hospitalar. A sequência correta é:"
analista-de-planejamento-e-orcamento-especialidade-gestao-de-infraestrutura-de-ti-mpo-cebraspe-2024#79,analista-de-planejamento-e-orcamento-especialidade-gestao-de-infraestrutura-de-ti-mpo-cebraspe-2024,redes,seguranca,"Entre os padrões de tecnologia de LAN desenvolvidos pelo Comitê IEEE 802, os padrões IEEE 802.1 são comuns a todas as demais tecnologias."
agente-especializado-analista-de-sistemas-mp-es-fgv-2026#38,agente-especializado-analista-de-sistemas-mp-es-fgv-2026,sistemas,redes,"A virtualização permite a execução de múltiplos sistemas operacionais em um mesmo hardware físico, otimizando o uso dos recursos computacionais. Com a evolução dessa tecnologia, surgiram abordagens mais eficientes, como a virtualização baseada em contêineres, que permite a execução de aplicações de forma isolada e portátil em diferentes ambientes computacionais. Considerando o uso da tecnologia Docker no contexto da virtualização por contêineres, assinale a afirmativa correta."
analista-de-informatica-ii-redes-e-infraestrutura-unesp-vunesp-2026#22,analista-de-informatica-ii-redes-e-infraestrutura-unesp-vunesp-2026,redes,seguranca,"Um Analista de Informática instalou em um computador uma placa de rede Ethernet. O identificador único dessa placa, gravado nessa interface por seu fabricante, é o"
analista-area-de-apoio-especializado-tecnologia-da-informacao-desenvolvimento-de-sistemas-dpe-rs-fgv-2023#56,analista-area-de-apoio-especializado-tecnologia-da-informacao-desenvolvimento-de-sistemas-dpe-rs-fgv-2023,sistemas,seguranca,"Atualmente o Android utiliza um sistema com a solicitação de permissões por demanda, durante a utilização do aplicativo, o que aumenta o controle do usuário sobre o uso de recursos, mas também exige maior nível de interação. João está criando um aplicativo de fiscalização de restaurantes, com a inclusão de fot nos registros, e diminuiu a quantidade de solicitações de permissão por meio do(a):"
analista-de-planejamento-e-orcamento-especialidade-gestao-de-infraestrutura-de-ti-mpo-cebraspe-2024#99,analista-de-planejamento-e-orcamento-especialidade-gestao-de-infraestrutura-de-ti-mpo-cebraspe-2024,redes,sistemas,A consulta SELECT _ FROM Empregado WHERE Nome = @P OR Login = @P; é menos eficiente que a seguinte consulta. SELECT _ FROM Empregado WHERE Nome = @P UNION SELECT _ FROM Empregado WHERE Login = @P;
engenheiro-da-computacao-seguranca-da-informacao-prefeitura-santana-de-parnaiba-sp-instituto-mais-2022#26,engenheiro-da-computacao-seguranca-da-informacao-prefeitura-santana-de-parnaiba-sp-instituto-mais-2022,seguranca,sistemas,"Sobre o conceito de CID (Confidencialidade, Integridade e Disponibilidade), assinale a alternativa que NÃO está associada à integridade."
analista-de-sistemas-suporte-brde-fundatec-2025#46,analista-de-sistemas-suporte-brde-fundatec-2025,sistemas,redes,"Uma empresa está implementando um sistema de telefonia VoIP para substituir linhas analógicas. Sobre o funcionamento do VoIP, assinale a alternativa correta."
tecnologo-de-infraestrutura-de-ti-cra-mg-fumarc-2026#33,tecnologo-de-infraestrutura-de-ti-cra-mg-fumarc-2026,redes,seguranca,"Uma empresa de médio porte percebeu um aumento no risco de vazamento de dados e decidiu implementar um firewall para controlar o tráfego entre sua rede interna e a Internet. O administrador configurou regras baseadas em endereços IP, portas e protocolos, além de considerar o uso de DMZ para serviços públicos. Com base nesse cenário, analise as afirmativas e assinale a INCORRETA. 23"
analista-de-ti-area-suporte-e-redes-ufrpe-progepe-ufpr-2024#37,analista-de-ti-area-suporte-e-redes-ufrpe-progepe-ufpr-2024,redes,seguranca,Qual dos seguintes tipos de criptografia utiliza a mesma chave para a criptografia e a descriptografia de dados?
analista-de-suporte-especializacao-em-redes-de-computadores-prefeitura-rio-branco-ac-instituto-verbena-2024#54,analista-de-suporte-especializacao-em-redes-de-computadores-prefeitura-rio-branco-ac-instituto-verbena-2024,redes,sistemas,"Analisando a capacidade de diferentes sistemas, dispositivos ou componentes de software se comunicarem, trocarem dados e operarem de maneira integrada e eficiente, é possível realizar uma comparação com a capacidade de um sistema, aplicativo ou conjunto de dados serem transferidos ou utilizados em diferentes ambientes sem a necessidade de modificação significativa. A abordagem apresentada acima faz referência a dois conceitos complementares que se concentram em facilitar a comunicação, integração e utilização eficiente de sistemas e aplicativos em diferentes ambientes computacionais. Quais são esses conceitos, respectivamente?"
analista-de-gestao-corporativa-tecnologia-da-informacao-infraestrutura-e-seguranca-epe-fgv-2024#48,analista-de-gestao-corporativa-tecnologia-da-informacao-infraestrutura-e-seguranca-epe-fgv-2024,seguranca,redes,"A Empresa de Pesquisa Energética (EPE) está atualizando sua infraestrutura de rede para suportar o protocolo IPv6, devido à crescente necessidade de endereços IP e melhorias na eficiência e segurança da rede. Ao projetar a nova infraestrutura de rede da EPE como suporte ao funcionamento do IPv6, e garantir uma transição eficiente do IPv4 para o IPv6, a EPE deve"
anc-analista-em-computacao-enfase-em-seguranca-da-informacao-procergs-fundatec-2023#26,anc-analista-em-computacao-enfase-em-seguranca-da-informacao-procergs-fundatec-2023,seguranca,sistemas,"Sobre o Power Shell, analise as assertivas abaixo e assinale V, se verdadeiras, ou F, se falsas. ( ) É uma solução que consiste em um shell de linhas de comandos em uma linguagem de script. ( ) É uma solução especificamente para Windows. ( ) Aceita e retorna objetos .NET. ( ) O XML é o único formato de dados suportado."
tecnico-em-ti-infraestrutura-de-tecnologia-da-informacao-ifs-instituto-verbena-ufg-2024#47,tecnico-em-ti-infraestrutura-de-tecnologia-da-informacao-ifs-instituto-verbena-ufg-2024,redes,seguranca,"A atividade ilícita que envolve a exploração e manipulação de sistemas de telecomunicações, geralmente para obter acesso gratuito ou não autorizado a serviços telefônicos ou sistemas de comunicação é denominada de"
analista-em-ciencia-e-tecnologia-pleno-i-especialidade-infraestrutura-de-tecnologia-da-informacao-cnpq-cebraspe-2024#67,analista-em-ciencia-e-tecnologia-pleno-i-especialidade-infraestrutura-de-tecnologia-da-informacao-cnpq-cebraspe-2024,redes,seguranca,A Instrução Normativa n.º 04/2008 é a única instrução vigente que dispõe a respeito da contratação de serviços de TIC pela
especialista-em-seguranca-da-informacao-e-protecao-de-dados-ministerio-da-economia-cebraspe-2020#94,especialista-em-seguranca-da-informacao-e-protecao-de-dados-ministerio-da-economia-cebraspe-2020,seguranca,redes,Um sistema de backup diferencial permite o salvamento apenas dos dados que tiverem sido alterados desde o último backup completo.
tecnico-em-desenvolvimento-analista-de-sistemas-enfaseeem-arquiteto-de-software-badesul-legalle-concursos-2026#69,tecnico-em-desenvolvimento-analista-de-sistemas-enfaseeem-arquiteto-de-software-badesul-legalle-concursos-2026,sistemas,redes,"Os sistemas operacionais são responsáveis por gerenciar os recursos de hardware e fornecer serviços aos programas aplicativos. O conhecimento de conceitos de configuração e administração em ambientes Linux e Windows é indispensável para profissionais de tecnologia da informação. Diante disso, assinale a alternativa CORRETA."
anc-analista-em-computacao-enfase-em-seguranca-da-informacao-procergs-fundatec-2023#24,anc-analista-em-computacao-enfase-em-seguranca-da-informacao-procergs-fundatec-2023,seguranca,sistemas,"O comando ls no modo texto do Sistema Operacional Linux é utilizado para listar arquivos e diretórios. Sobre as opções do comando, analise as assertivas abaixo e assinale V, se verdadeiras, ou F, se falsas. ( ) -t ordena os arquivos pela data e hora de modificação. ( ) -v ordena o arquivo pelo tamanho. ( ) -a lista também arquivos ocultos."
analista-area-ciencias-exatas-e-da-terra-subarea-sistemas-de-informacao-embrapa-cebraspe-2025#81,analista-area-ciencias-exatas-e-da-terra-subarea-sistemas-de-informacao-embrapa-cebraspe-2025,sistemas,seguranca,A análise estática de código é uma técnica por meio da qual podem ser identificadas vulnerabilidades de segurança em um programa sem a necessidade de executá-lo.
analista-judiciario-infraestrutura-de-tecnologia-da-informacao-tj-rr-fgv-2024#42,analista-judiciario-infraestrutura-de-tecnologia-da-informacao-tj-rr-fgv-2024,redes,sistemas,"Os modelos de Controle de Acesso Obrigatório (Mandatory Access Control - MAC) e Controle de Acesso Discricionário (Discretionary Access Control - DAC) são amplamente utilizados em sistemas de segurança da informação para gerenciar o acesso a dados e recursos. Cada um tem suas características próprias, que os tornam mais adequados para diferentes tipos de ambientes e níveis de segurança. No entanto, a escolha entre MAC e DAC depende das necessidades específicas de controle e gerenciamento de permissões em um determinado contexto. Diante do exposto, assinale a opção que diferencia corretamente os modelos MAC e DAC."
analista-de-previdencia-complementar-area-10-infraestrutura-e-ciberseguranca-funpresp-exe-cebraspe-2025#61,analista-de-previdencia-complementar-area-10-infraestrutura-e-ciberseguranca-funpresp-exe-cebraspe-2025,seguranca,redes,"Para a integração de um projeto, a adaptação deve considerar o isolamento de uma equipe a partir de um conjunto diversificado de colaboradores, a fim de individualizar o desempenho da equipe em relação aos resultados do projeto."
analista-de-suporte-especializacao-em-seguranca-da-informacao-prefeitura-rio-branco-ac-instituto-verbena-2024#32,analista-de-suporte-especializacao-em-seguranca-da-informacao-prefeitura-rio-branco-ac-instituto-verbena-2024,seguranca,sistemas,Qual é o ataque que força um usuário final a executar ações indesejadas em um aplicativo da web no qual está atualmente autenticado? t
tecnico-de-ti-area-suporte-e-redes-ufrpe-progepe-ufpr-2024#61,tecnico-de-ti-area-suporte-e-redes-ufrpe-progepe-ufpr-2024,redes,seguranca,"Dado que criptografia é a transformação de dados que estão em um formato simples (não criptografados) para um formato cifrado (criptografados), assinale a alternativa correta sobre criptografia Simétrica ou Assimétrica."
tecnico-de-ti-area-suporte-e-redes-ufrpe-progepe-ufpr-2024#41,tecnico-de-ti-area-suporte-e-redes-ufrpe-progepe-ufpr-2024,redes,sistemas,"Em um ambiente corporativo, qual das seguintes opções de backup é a mais eficiente em termos de tempo e espaço de armazenamento quando realizada diariamente, mas com um backup completo realizado apenas uma vez por semana?"
engenheiro-da-computacao-seguranca-da-informacao-prefeitura-santana-de-parnaiba-sp-instituto-mais-2022-22#27,engenheiro-da-computacao-seguranca-da-informacao-prefeitura-santana-de-parnaiba-sp-instituto-mais-2022-22,seguranca,redes,O comando netstat serve para verificar
analista-em-computacao-enfase-em-seguranca-da-informacao-procergs-fundatec-2025#24,analista-em-computacao-enfase-em-seguranca-da-informacao-procergs-fundatec-2025,seguranca,sistemas,"Os princípios da segurança da informação são apresentados na tríade CIA, que representa um modelo amplamente aceito na indústria para a proteção de sistemas, destacando os três principais objetivos da segurança da informação. Assinale a alternativa que apresenta o objetivo responsável por garantir que a informação esteja acessível, sempre que necessário, para os usuários autorizados."
analista-de-sistemas-tj-sc-fgv-2026#63,analista-de-sistemas-tj-sc-fgv-2026,sistemas,redes,"Considerando o modelo de referência OSI para redes de computadores, assinale a afirmativa correta."
analista-de-suporte-especializacao-em-redes-de-computadores-prefeitura-rio-branco-ac-instituto-verbena-2024#51,analista-de-suporte-especializacao-em-redes-de-computadores-prefeitura-rio-branco-ac-instituto-verbena-2024,redes,seguranca,"Uma prática amplamente reconhecida como eficaz para garantir o transporte seguro de dados em uma rede corporativa, contribuindo significativamente para a proteção da integridade e confidencialidade das informações, consiste em"
analista-de-sistemas-fapesp-vunesp-2026#31,analista-de-sistemas-fapesp-vunesp-2026,sistemas,redes,"O seguinte arquivo de configuração de um Pod foi obtido da documentação da ferramenta Kubernetes, com adaptações, para demonstrar o funcionamento de liveness probes: apiVersion: v1 kind: Pod metadata: labels: test: liveness name: liveness-exec spec: containers: - name: liveness image: registry.k8s.io/busybox:1.27.2 args: - /bin/sh - -c - touch /tmp/h; sleep 30; rm -f /tmp/h; sleep 600 livenessProbe: exec: command: - cat - /tmp/h initialDelaySeconds: 5 periodSeconds: 5 No contexto do arquivo apresentado, assinale a alternativa correta."
analista-judiciario-seguranca-da-informacao-tj-dft-fgv-2022#35,analista-judiciario-seguranca-da-informacao-tj-dft-fgv-2022,seguranca,redes,"A empresa World Coorp está com problemas de alocação de endereços IPs em sua rede local. A intenção é reduzir o número de IPs sendo utilizado e a técnica selecionada foi o NAT (Network Address Translation). Isso permite que uma máquina da rede local tenha um endereço privado, também conhecido como não roteável que, ao sair para a Internet, deve ser convertido para um endereço roteável. Para que a empresa possa utilizar o NAT, a faixa de endereços da rede interna deve ser:"
analista-de-suporte-de-redes-e-sistemas-cam-goiania-go-instituto-verbena-2026#43,analista-de-suporte-de-redes-e-sistemas-cam-goiania-go-instituto-verbena-2026,redes,seguranca,Qual funcionalidade é própria da ferramenta de software Nagios Core?
agente-especializado-analista-de-seguranca-da-informacao-mp-es-fgv-2026#32,agente-especializado-analista-de-seguranca-da-informacao-mp-es-fgv-2026,seguranca,redes,"Considere os seguintes logs coletados durante o processamento de requisições em um sistema distribuído de e-commerce. </> JSON {""time"":""10:01:02"",""service"":""gateway"",""level"":""INFO"",""message"" :""Requisição recebida"",""request_id"":""abc123""} {""time"":""10:01:02"",""service"":""A"",""level"":""INFO"",""message"":""Pedid o recebido"",""request_id"":""abc123""} {""time"":""10:01:03"",""service"":""B"",""level"":""INFO"",""message"":""Proce ssando pagamento"",""request_id"":""abc123""} {""time"":""10:01:03"",""service"":""C"",""level"":""ERROR"",""message"":""Err o no estoque"",""request_id"":""abc123""} {""time"":""10:01:04"",""service"":""B"",""level"":""WARN"",""message"":""Retr y pagamento"",""request_id"":""abc123""} {""time"":""10:01:05"",""service"":""D"",""level"":""INFO"",""message"":""Notifi cação enviada"",""request_id"":""abc123""} {""time"":""10:01:06"",""service"":""gateway"",""level"":""ERROR"",""messag e"":""Falha na requisição"",""request_id"":""abc123""} Durante a análise de um incidente, a equipe conseguiu reconstruir o fluxo completo da requisição entre os diferentes serviços envolvidos, identificando o ponto exato de falha e as tentativas de recuperação. Nesse cenário, assinale a opção que identifica corretamente a prática de estruturação de logs que foi determinante para viabilizar essa análise."
analista-de-suporte-especializacao-em-seguranca-da-informacao-prefeitura-rio-branco-ac-instituto-verbena-2024#43,analista-de-suporte-especializacao-em-seguranca-da-informacao-prefeitura-rio-branco-ac-instituto-verbena-2024,seguranca,redes,A taxa de transmissão para uma rede fast ethernet é de
tecnico-de-nivel-superior-analista-de-infraestrutura-de-tecnologia-da-informacao-prefeitura-sete-lagoas-mg-fundep-2024#40,tecnico-de-nivel-superior-analista-de-infraestrutura-de-tecnologia-da-informacao-prefeitura-sete-lagoas-mg-fundep-2024,redes,sistemas,"Em uma empresa que lida com dados pessoais de clientes, a equipe de compliance está revisando as práticas de conformidade com a Lei Geral de Proteção de Dados (LGPD). Qual das seguintes medidas é uma parte essencial de um programa de conformidade eficaz com a LGPD?"
especialista-em-seguranca-da-informacao-e-protecao-de-dados-ministerio-da-economia-cebraspe-2020#75,especialista-em-seguranca-da-informacao-e-protecao-de-dados-ministerio-da-economia-cebraspe-2020,seguranca,redes,"É correto firmar que, a seguir, é ilustrado o conteúdo típico de um arquivo de log de um serviço de email, obtido por meio do comando more /var/log/maillog. Aug 10 14:14:01 localhost sendmail[4768]: h7ALE1t04 763: to=jijeljijel@yahoo.com, ctladdr=apache (48/48 ), delay=00:00:00, xdelay=00:00:00, mailer=esmtp, p ri=31300, relay=mx1.mail.yahoo.com. [64.157.4.78], d sn=2.0.0, stat=Sent (ok dirdel)"
analista-de-sistemas-administracao-de-banco-de-dados-brde-fundatec-2025#46,analista-de-sistemas-administracao-de-banco-de-dados-brde-fundatec-2025,sistemas,redes,"Uma instituição financeira precisa garantir que seu sistema de banco de dados permaneça acessível para operações de leitura e escrita mesmo em caso de falha no servidor principal. Qual arquitetura de alta disponibilidade mantém uma cópia sincronizada do banco de dados em um servidor secundário, onde a failover (mudança de operação para o secundário) pode ser automática e transparente para os aplicativos?"
analista-de-ti-area-analise-de-sistemas-governanca-rede-e-suporte-ufape-access-2024#49,analista-de-ti-area-analise-de-sistemas-governanca-rede-e-suporte-ufape-access-2024,sistemas,redes,"As fibras ópticas são filamentos finos e flexíveis feitos de vidro ou plástico transparente. A transmissão de dados por fibras ópticas é baseada no princípio de reflexão interna total, onde a luz que viaja pelo núcleo da fibra é refletida nas paredes internas da fibra, permitindo que os sinais ópticos sejam transmitidos sem perda significativa de intensidade ao longo da fibra. Sobre as diferenças entre fibras monomodo e multimodo, é incorreto afirmar que"
analista-administrativo-analista-de-sistemas-camara-de-anapolis-go-instituto-verbena-ufg-2024#41,analista-administrativo-analista-de-sistemas-camara-de-anapolis-go-instituto-verbena-ufg-2024,sistemas,redes,"Em arquitetura de computadores, um registrador é um pequeno local de armazenamento de dados dentro de uma CPU. A função do registrador Contador de Programa (PC) é armazenar"
