prova,numero,motivo
administrador-de-rede-e-seguranca-da-informacao-prefeitura-inhumas-go-instituto-verbena-ufg-2024,48,depende de figura/imagem
agente-de-tecnologia-da-informacao-e-comunicacao-analista-de-sistemas-epagri-fepese-2023,,gabarito ambíguo (vários cargos/tipos) ou ilegível
agente-especializado-analista-de-seguranca-da-informacao-mp-es-fgv-2026,23,alternativas não encontradas
agente-especializado-analista-de-seguranca-da-informacao-mp-es-fgv-2026,50,alternativas não encontradas
agente-especializado-analista-de-sistemas-mp-es-fgv-2026,26,alternativas não encontradas
agente-especializado-analista-de-sistemas-mp-es-fgv-2026,36,depende de figura/imagem
agente-especializado-analista-de-sistemas-mp-es-fgv-2026,47,alternativas não encontradas
agente-nivel-superior-analista-de-sistemas-crea-sc-ieses-2022,,seção de conhecimentos específicos não encontrada
analise-de-sistema-seguranca-cibernetica-e-da-informacao-transpetro-cesgranrio-2023,21,duplicada
analise-de-sistema-seguranca-cibernetica-e-da-informacao-transpetro-cesgranrio-2023,22,duplicada
analise-de-sistema-seguranca-cibernetica-e-da-informacao-transpetro-cesgranrio-2023,23,alternativas não encontradas
analise-de-sistema-seguranca-cibernetica-e-da-informacao-transpetro-cesgranrio-2023,24,duplicada
analise-de-sistema-seguranca-cibernetica-e-da-informacao-transpetro-cesgranrio-2023,25,duplicada
analise-de-sistema-seguranca-cibernetica-e-da-informacao-transpetro-cesgranrio-2023,26,duplicada
analise-de-sistema-seguranca-cibernetica-e-da-informacao-transpetro-cesgranrio-2023,27,duplicada
analise-de-sistema-seguranca-cibernetica-e-da-informacao-transpetro-cesgranrio-2023,28,duplicada
analise-de-sistema-seguranca-cibernetica-e-da-informacao-transpetro-cesgranrio-2023,29,duplicada
analise-de-sistema-seguranca-cibernetica-e-da-informacao-transpetro-cesgranrio-2023,30,duplicada
analise-de-sistema-seguranca-cibernetica-e-da-informacao-transpetro-cesgranrio-2023,31,duplicada
analise-de-sistema-seguranca-cibernetica-e-da-informacao-transpetro-cesgranrio-2023,32,duplicada
analise-de-sistema-seguranca-cibernetica-e-da-informacao-transpetro-cesgranrio-2023,33,duplicada
analise-de-sistema-seguranca-cibernetica-e-da-informacao-transpetro-cesgranrio-2023,34,duplicada
analise-de-sistema-seguranca-cibernetica-e-da-informacao-transpetro-cesgranrio-2023,35,duplicada
analise-de-sistema-seguranca-cibernetica-e-da-informacao-transpetro-cesgranrio-2023,36,duplicada
analise-de-sistema-seguranca-cibernetica-e-da-informacao-transpetro-cesgranrio-2023,37,duplicada
analise-de-sistema-seguranca-cibernetica-e-da-informacao-transpetro-cesgranrio-2023,38,duplicada
analise-de-sistema-seguranca-cibernetica-e-da-informacao-transpetro-cesgranrio-2023,39,duplicada
analise-de-sistema-seguranca-cibernetica-e-da-informacao-transpetro-cesgranrio-2023,40,duplicada
analise-de-sistema-seguranca-cibernetica-e-da-informacao-transpetro-cesgranrio-2023,41,duplicada
analise-de-sistema-seguranca-cibernetica-e-da-informacao-transpetro-cesgranrio-2023,42,duplicada
analise-de-sistema-seguranca-cibernetica-e-da-informacao-transpetro-cesgranrio-2023,43,duplicada
analise-de-sistema-seguranca-cibernetica-e-da-informacao-transpetro-cesgranrio-2023,44,duplicada
analise-de-sistema-seguranca-cibernetica-e-da-informacao-transpetro-cesgranrio-2023,45,duplicada
analise-de-sistema-seguranca-cibernetica-e-da-informacao-transpetro-cesgranrio-2023,46,duplicada
analise-de-sistema-seguranca-cibernetica-e-da-informacao-transpetro-cesgranrio-2023,47,duplicada
analise-de-sistema-seguranca-cibernetica-e-da-informacao-transpetro-cesgranrio-2023,48,duplicada
analise-de-sistema-seguranca-cibernetica-e-da-informacao-transpetro-cesgranrio-2023,49,duplicada
analise-de-sistema-seguranca-cibernetica-e-da-informacao-transpetro-cesgranrio-2023,50,alternativas não encontradas
analista-administrativo-analista-de-desenvolvimento-de-sistemas-prodam-am-quadrix-2022,,gabarito ambíguo (vários cargos/tipos) ou ilegível
analista-administrativo-analista-de-sistemas-camara-de-anapolis-go-instituto-verbena-ufg-2024,44,depende de figura/imagem
analista-administrativo-analista-de-sistemas-camara-de-anapolis-go-instituto-verbena-ufg-2024,49,depende de figura/imagem
analista-administrativo-analista-de-sistemas-camara-de-anapolis-go-instituto-verbena-ufg-2024,57,alternativa vazia
analista-analista-de-sistemas-dpe-mt-ibfc-2022,,gabarito ambíguo (vários cargos/tipos) ou ilegível
analista-area-ciencias-agrarias-subarea-sistemas-de-producao-animal-embrapa-cebraspe-2025,,fora do escopo (subárea/ano não identificados)
analista-area-ciencias-agrarias-subarea-sistemas-de-producao-vegetal-embrapa-cebraspe-2025,,fora do escopo (subárea/ano não identificados)
analista-area-ciencias-exatas-e-da-terra-subarea-sistemas-de-informacao-embrapa-cebraspe-2025,,gabarito ambíguo (vários cargos/tipos) ou ilegível
analista-area-de-apoio-especializado-tecnologia-da-informacao-desenvolvimento-de-sistemas-dpe-rs-fgv-2023,69,depende de figura/imagem
analista-area-de-apoio-especializado-tecnologia-da-informacao-seguranca-da-informacao-dpe-rs-fgv-2023,41,duplicada
analista-area-de-apoio-especializado-tecnologia-da-informacao-seguranca-da-informacao-dpe-rs-fgv-2023,42,duplicada
analista-area-de-apoio-especializado-tecnologia-da-informacao-seguranca-da-informacao-dpe-rs-fgv-2023,44,duplicada
analista-area-de-apoio-especializado-tecnologia-da-informacao-seguranca-da-informacao-dpe-rs-fgv-2023,45,duplicada
analista-area-de-apoio-especializado-tecnologia-da-informacao-seguranca-da-informacao-dpe-rs-fgv-2023,57,questão anulada
analista-da-tecnologia-da-informacao-area-infraestrutura-e-seguranca-ifpe-funcern-2025,,gabarito ambíguo (vários cargos/tipos) ou ilegível
analista-de-gestao-corporativa-tecnologia-da-informacao-infraestrutura-e-seguranca-epe-fgv-2024,43,depende de figura/imagem
analista-de-gestao-corporativa-tecnologia-da-informacao-infraestrutura-e-seguranca-epe-fgv-2024,44,alternativas não encontradas
analista-de-gestao-corporativa-tecnologia-da-informacao-infraestrutura-e-seguranca-epe-fgv-2024,52,alternativas não encontradas
analista-de-gestao-sistemas-e-seguranca-da-informacao-companhia-aguas-de-joinville-sc-fepese-2023,,gabarito ambíguo (vários cargos/tipos) ou ilegível
analista-de-planejamento-gestao-e-infraestrutura-em-propriedade-industrial-seguranca-da-informacao-inpi-cebraspe-2024,,gabarito ambíguo (vários cargos/tipos) ou ilegível
analista-de-seguranca-da-informacao-camara-de-manaus-am-instituto-acesso-2024,21,depende de figura/imagem
analista-de-seguranca-da-informacao-camara-de-manaus-am-instituto-acesso-2024,23,questão sem resposta no gabarito
analista-de-seguranca-da-informacao-camara-de-manaus-am-instituto-acesso-2024,25,questão sem resposta no gabarito
analista-de-seguranca-da-informacao-camara-de-manaus-am-instituto-acesso-2024,26,questão sem resposta no gabarito
analista-de-seguranca-da-informacao-camara-de-manaus-am-instituto-acesso-2024,27,questão sem resposta no gabarito
analista-de-seguranca-da-informacao-camara-de-manaus-am-instituto-acesso-2024,28,questão sem resposta no gabarito
analista-de-seguranca-da-informacao-camara-de-manaus-am-instituto-acesso-2024,29,questão sem resposta no gabarito
analista-de-seguranca-da-informacao-camara-de-manaus-am-instituto-acesso-2024,30,questão sem resposta no gabarito
analista-de-seguranca-da-informacao-camara-de-manaus-am-instituto-acesso-2024,31,questão sem resposta no gabarito
analista-de-seguranca-da-informacao-camara-de-manaus-am-instituto-acesso-2024,32,questão sem resposta no gabarito
analista-de-seguranca-da-informacao-camara-de-manaus-am-instituto-acesso-2024,33,questão sem resposta no gabarito
analista-de-seguranca-da-informacao-camara-de-manaus-am-instituto-acesso-2024,34,questão sem resposta no gabarito
analista-de-seguranca-da-informacao-camara-de-manaus-am-instituto-acesso-2024,36,questão sem resposta no gabarito
analista-de-seguranca-da-informacao-camara-de-manaus-am-instituto-acesso-2024,37,questão sem resposta no gabarito
analista-de-seguranca-da-informacao-camara-de-manaus-am-instituto-acesso-2024,38,questão sem resposta no gabarito
analista-de-seguranca-da-informacao-camara-de-manaus-am-instituto-acesso-2024,39,questão sem resposta no gabarito
analista-de-seguranca-da-informacao-camara-de-manaus-am-instituto-acesso-2024,40,questão sem resposta no gabarito
analista-de-seguranca-da-informacao-camara-de-manaus-am-instituto-acesso-2024,41,questão sem resposta no gabarito
analista-de-seguranca-da-informacao-camara-de-manaus-am-instituto-acesso-2024,42,questão sem resposta no gabarito
analista-de-seguranca-da-informacao-camara-de-manaus-am-instituto-acesso-2024,43,questão sem resposta no gabarito
analista-de-seguranca-da-informacao-camara-de-manaus-am-instituto-acesso-2024,45,questão sem resposta no gabarito
analista-de-seguranca-da-informacao-camara-de-manaus-am-instituto-acesso-2024,46,questão sem resposta no gabarito
analista-de-seguranca-da-informacao-camara-de-manaus-am-instituto-acesso-2024,48,questão sem resposta no gabarito
analista-de-seguranca-da-informacao-camara-de-manaus-am-instituto-acesso-2024,49,questão sem resposta no gabarito
analista-de-seguranca-da-informacao-camara-de-manaus-am-instituto-acesso-2024,52,questão sem resposta no gabarito
analista-de-seguranca-da-informacao-camara-de-manaus-am-instituto-acesso-2024,53,questão sem resposta no gabarito
analista-de-seguranca-da-informacao-camara-de-manaus-am-instituto-acesso-2024,55,questão sem resposta no gabarito
analista-de-seguranca-da-informacao-camara-de-manaus-am-instituto-acesso-2024,56,questão sem resposta no gabarito
analista-de-seguranca-da-informacao-camara-de-manaus-am-instituto-acesso-2024,57,questão sem resposta no gabarito
analista-de-seguranca-da-informacao-camara-de-manaus-am-instituto-acesso-2024,58,questão sem resposta no gabarito
analista-de-seguranca-da-informacao-camara-de-manaus-am-instituto-acesso-2024,59,questão sem resposta no gabarito
analista-de-seguranca-da-informacao-camara-de-manaus-am-instituto-acesso-2024,60,questão sem resposta no gabarito
analista-de-seguranca-da-informacao-coren-sc-fepese-2023,,gabarito ambíguo (vários cargos/tipos) ou ilegível
analista-de-seguranca-da-informacao-judiciario-tjm-sp-vunesp-2025,23,questão sem resposta no gabarito
analista-de-seguranca-da-informacao-judiciario-tjm-sp-vunesp-2025,25,questão sem resposta no gabarito
analista-de-seguranca-da-informacao-judiciario-tjm-sp-vunesp-2025,26,questão sem resposta no gabarito
analista-de-seguranca-da-informacao-judiciario-tjm-sp-vunesp-2025,27,questão sem resposta no gabarito
analista-de-seguranca-da-informacao-judiciario-tjm-sp-vunesp-2025,28,questão sem resposta no gabarito
analista-de-seguranca-da-informacao-judiciario-tjm-sp-vunesp-2025,29,questão sem resposta no gabarito
analista-de-seguranca-da-informacao-judiciario-tjm-sp-vunesp-2025,30,questão sem resposta no gabarito
analista-de-seguranca-da-informacao-judiciario-tjm-sp-vunesp-2025,31,questão sem resposta no gabarito
analista-de-seguranca-da-informacao-judiciario-tjm-sp-vunesp-2025,32,questão sem resposta no gabarito
analista-de-seguranca-da-informacao-judiciario-tjm-sp-vunesp-2025,33,questão sem resposta no gabarito
analista-de-seguranca-da-informacao-judiciario-tjm-sp-vunesp-2025,34,questão sem resposta no gabarito
analista-de-seguranca-da-informacao-judiciario-tjm-sp-vunesp-2025,36,questão sem resposta no gabarito
analista-de-seguranca-da-informacao-judiciario-tjm-sp-vunesp-2025,37,questão sem resposta no gabarito
analista-de-seguranca-da-informacao-judiciario-tjm-sp-vunesp-2025,38,questão sem resposta no gabarito
analista-de-seguranca-da-informacao-judiciario-tjm-sp-vunesp-2025,39,questão sem resposta no gabarito
analista-de-seguranca-da-informacao-judiciario-tjm-sp-vunesp-2025,40,questão sem resposta no gabarito
analista-de-seguranca-da-informacao-judiciario-tjm-sp-vunesp-2025,41,questão sem resposta no gabarito
analista-de-seguranca-da-informacao-judiciario-tjm-sp-vunesp-2025,42,questão sem resposta no gabarito
analista-de-seguranca-da-informacao-judiciario-tjm-sp-vunesp-2025,43,questão sem resposta no gabarito
analista-de-seguranca-da-informacao-judiciario-tjm-sp-vunesp-2025,45,questão sem resposta no gabarito
analista-de-seguranca-da-informacao-judiciario-tjm-sp-vunesp-2025,46,questão sem resposta no gabarito
analista-de-seguranca-da-informacao-judiciario-tjm-sp-vunesp-2025,48,questão sem resposta no gabarito
analista-de-seguranca-da-informacao-judiciario-tjm-sp-vunesp-2025,49,questão sem resposta no gabarito
analista-de-seguranca-da-tecnologia-da-informacao-banrisul-cebraspe-2022,,gabarito ambíguo (vários cargos/tipos) ou ilegível
analista-de-suporte-especializacao-em-seguranca-da-informacao-prefeitura-rio-branco-ac-instituto-verbena-2024,34,alternativas não encontradas
analista-de-tecnologia-da-informacao-area-infraestrutura-de-ti-e-redes-de-computadores-ufc-fcpc-2025,,gabarito ambíguo (vários cargos/tipos) ou ilegível
analista-de-tecnologia-da-informacao-area-seguranca-da-informacao-ufc-fcpc-2025,,gabarito ambíguo (vários cargos/tipos) ou ilegível
analista-de-tecnologia-da-informacao-infraestrutura-em-seguranca-da-informacao-redes-e-datacenter-ufgd-fapec-2024,,gabarito ambíguo (vários cargos/tipos) ou ilegível
analista-de-tecnologia-da-informacao-perfil-seguranca-cibernetica-dataprev-cebraspe-2023,,gabarito ambíguo (vários cargos/tipos) ou ilegível
analista-de-tecnologia-da-informacao-perfil-seguranca-da-informacao-e-protecao-de-dados-dataprev-cebraspe-2023,,gabarito ambíguo (vários cargos/tipos) ou ilegível
analista-de-tecnologia-da-informacao-seguranca-cibernetica-e-protecao-de-dados-dataprev-fgv-2024,46,questão sem resposta no gabarito
analista-de-tecnologia-da-informacao-seguranca-cibernetica-e-protecao-de-dados-dataprev-fgv-2024,47,questão sem resposta no gabarito
analista-de-tecnologia-da-informacao-seguranca-cibernetica-e-protecao-de-dados-dataprev-fgv-2024,48,questão sem resposta no gabarito
analista-de-tecnologia-da-informacao-seguranca-cibernetica-e-protecao-de-dados-dataprev-fgv-2024,49,questão sem resposta no gabarito
analista-de-tecnologia-da-informacao-seguranca-cibernetica-e-protecao-de-dados-dataprev-fgv-2024,50,questão sem resposta no gabarito
analista-de-tecnologia-da-informacao-seguranca-cibernetica-e-protecao-de-dados-dataprev-fgv-2024,51,questão sem resposta no gabarito
analista-de-tecnologia-da-informacao-seguranca-cibernetica-e-protecao-de-dados-dataprev-fgv-2024,52,questão sem resposta no gabarito
analista-de-tecnologia-da-informacao-seguranca-cibernetica-e-protecao-de-dados-dataprev-fgv-2024,53,questão sem resposta no gabarito
analista-de-tecnologia-da-informacao-seguranca-cibernetica-e-protecao-de-dados-dataprev-fgv-2024,54,questão sem resposta no gabarito
analista-de-tecnologia-da-informacao-seguranca-cibernetica-e-protecao-de-dados-dataprev-fgv-2024,55,questão sem resposta no gabarito
analista-de-tecnologia-da-informacao-seguranca-cibernetica-e-protecao-de-dados-dataprev-fgv-2024,56,questão sem resposta no gabarito
analista-de-tecnologia-da-informacao-seguranca-cibernetica-e-protecao-de-dados-dataprev-fgv-2024,57,questão sem resposta no gabarito
analista-de-tecnologia-da-informacao-seguranca-cibernetica-e-protecao-de-dados-dataprev-fgv-2024,58,questão sem resposta no gabarito
analista-de-tecnologia-da-informacao-seguranca-cibernetica-e-protecao-de-dados-dataprev-fgv-2024,59,questão sem resposta no gabarito
analista-de-tecnologia-da-informacao-seguranca-cibernetica-e-protecao-de-dados-dataprev-fgv-2024,60,questão sem resposta no gabarito
analista-de-tecnologia-da-informacao-seguranca-cibernetica-e-protecao-de-dados-dataprev-fgv-2024,61,questão sem resposta no gabarito
analista-de-tecnologia-da-informacao-seguranca-da-informacao-tce-ac-cebraspe-2024-62,,gabarito ambíguo (vários cargos/tipos) ou ilegível
analista-de-tecnologia-da-informacao-seguranca-da-informacao-tce-ac-cebraspe-2024,,gabarito ambíguo (vários cargos/tipos) ou ilegível
analista-de-tecnologia-da-informacao-seguranca-da-informacao-ufrn-comperve-2022-98,,gabarito ambíguo (vários cargos/tipos) ou ilegível
analista-de-tecnologia-da-informacao-seguranca-da-informacao-ufrn-comperve-2022,,gabarito ambíguo (vários cargos/tipos) ou ilegível
analista-de-tecnologia-da-informacao-seguranca-e-operacoes-ufms-fapec-2022,,seção de conhecimentos específicos não encontrada
analista-de-tecnologia-da-informacao-seguranca-ufrj-ufrj-2023,,gabarito ambíguo (vários cargos/tipos) ou ilegível
analista-de-ti-seguranca-da-informacao-ufsm-ufsm-2025,,gabarito ambíguo (vários cargos/tipos) ou ilegível
analista-judiciario-analista-de-redes-de-computadores-poder-judiciario-ac-ivin-2024,58,depende de figura/imagem
analista-producao-redes-suporte-de-banco-de-dados-e-suporte-de-sistemas-correios-ibfc-2024,,gabarito ambíguo (vários cargos/tipos) ou ilegível
estagiario-redes-de-computadores-prefeitura-eloi-mendes-mg-prefeitura-eloi-mendes-mg-2024,,seção de conhecimentos específicos não encontrada
estagio-especificidade-tecnologia-em-redes-de-computadores-tre-rn-epl-concursos-2023,,gabarito ambíguo (vários cargos/tipos) ou ilegível
pebtt-redes-de-computadores-administracao-de-redes-arquitetura-de-computadores-sistemas-operacionais-seguranca-da-informacao-manutencao-de-hardware-ifrj-selecon-2022,,sem prova ou sem gabarito
pebtt-redes-de-computadores-ifrj-selecon-2022,,sem prova ou sem gabarito
professor-ebtt-informatica-redes-de-computadores-e-sistema-distribuido-iffar-rs-fundatec-2025,,gabarito ambíguo (vários cargos/tipos) ou ilegível
professor-ebtt-redes-de-computadores-ifrn-funcern-2025,,gabarito ambíguo (vários cargos/tipos) ou ilegível
professor-emi-tecnico-em-redes-de-computadores-centec-centec-2025,,seção de conhecimentos específicos não encontrada
