ID;Termo A;Termo B;Aluno 1;Aluno2;Anotação Final;;;
1;Compilar;Interpretar;0,75;0,75;0,75;;Aluno 1 ;Renato Trindade
2;Executar;Rodar;1;1;1;;Aluno 2 ;Gabriela Dellamora
3;Inicializar;Instanciar;0,75;0,25;0,5;;;
4;Declarar;Definir;0,75;0,5;0,625;;;
5;Atribuir;Setar;1;0;0,5;;;
6;Concatenar;Unir;1;1;1;;;
7;Parsear;Analisar;0,75;0,5;0,625;;;
8;Validar;Verificar;1;1;1;;;
9;Autenticar;Autorizar;0,75;0,5;0,625;;;
10;Criptografar;Codificar;0,5;0,5;0,5;;;
11;Compactar;Comprimir;1;1;1;;;
12;Serializar;Enumerar;0;0,75;0,375;;;
13;Persistir;Salvar;0,25;0,75;0,5;;;
14;Deletar;Remover;1;1;1;;;
15;Atualizar;Alterar;1;0,75;0,875;;;
16;Consultar;Buscar;1;1;1;;;
17;Ordenar;Classificar;0,25;0,25;0,25;;;
18;Iterar;Percorrer;1;1;1;;;
19;Mapear;Projetar;0,25;0,5;0,375;;;
20;Filtrar;Selecionar;0,5;0,5;0,5;;;
21;Inserir;Adicionar;1;0,75;0,875;;;
22;Empilhar;Enfileirar;0,25;0,75;0,5;;;
23;Alocar;Reservar;1;1;1;;;
24;Liberar;Desalocar;1;1;1;;;
25;Herdar;Estender;0,25;0,5;0,375;;;
26;Sobrescrever;Sobrecarregar;0,75;0,5;0,625;;;
27;Debugar;Depurar;1;1;1;;;
28;Logar;Registrar;0,5;1;0,75;;;
29;Monitorar;Observar;1;1;1;;;
30;Deployar;Publicar;1;1;1;;;
31;Versionar;Comitar;1;1;1;;;
32;Sincronizar;Replicar;0;0,25;0,125;;;
33;Escalar;Balancear;0,25;0,5;0,375;;;
34;Cachear;Memorizar;0,5;0,75;0,625;;;
35;Otimizar;Refatorar;0,25;0,5;0,375;;;
36;Integrar;Acoplar;0,25;0,25;0,25;;;
37;Encapsular;Abstrair;0,25;0,25;0,25;;;
38;Normalizar;Padronizar;1;0,75;0,875;;;
39;Tokenizar;Segmentar;0,5;0,5;0,5;;;
40;Treinar;Ajustar;0,75;0,75;0,75;;;
41;Inferir;Predizer;1;0,75;0,875;;;
42;Rotular;Classificar;1;1;1;;;
43;Validar;Testar;1;0,75;0,875;;;
44;Simular;Emular;1;1;1;;;
45;Exportar;Extrair;1;1;1;;;
46;Importar;Carregar;1;1;1;;;
47;Truncar;Arredondar;0,5;0,75;0,625;;;
48;Conectar;Vincular;0;0;0;;;
49;Escanear;Varrer;1;1;1;;;
50;Requisitar;Solicitar;1;1;1;;;
51;Dado;Informação;1;0,75;0,875;;;
52;Registro;Tupla;0,75;0,5;0,625;;;
53;Campo;Atributo;1;1;1;;;
54;Tabela;Entidade;1;1;1;;;
55;Banco de Dados;Repositório;0;0,5;0,25;;;
56;Coluna;Propriedade;1;0,75;0,875;;;
57;Vetor;Matriz;0,75;0,75;0,75;;;
58;Pilha;Fila;0,5;0,5;0,5;;;
59;Arquivo;Documento;1;1;1;;;
60;Índice;Chave;0,25;0,5;0,375;;;
61;Rotina;Função;1;0,5;0,75;;;
62;Algoritmo;Lógica;0,5;0,75;0,625;;;
63;Parâmetro;Argumento;1;1;1;;;
64;Variável;Constante;0,5;0,5;0,5;;;
65;Instrução;Comando;1;1;1;;;
66;Processo;Tarefa;1;1;1;;;
67;Script;Programa;1;1;1;;;
68;Iteração;Loop;1;1;1;;;
69;Thread;Fluxo;1;1;1;;;
70;Compilador;Interpretador;0,75;0,75;0,75;;;
71;Servidor;Host;1;1;1;;;
72;Cliente;Usuário;1;0,75;0,875;;;
73;Interface;API;1;1;1;;;
74;Protocolo;Padrão;1;1;1;;;
75;Memória;Armazenamento;1;1;1;;;
76;Rede;Conexão;1;1;1;;;
77;Framework;Biblioteca;0,75;1;0,875;;;
78;Hardware;Componente;0;0,5;0,25;;;
79;Kernel;Núcleo;1;1;1;;;
80;Módulo;Pacote;1;1;1;;;
