fonte,palavra_1,palavra_2,score
nossa,análise,índice,0.505434
nossa,integridade,incidente,0.550744
nossa,solução,problema,0.641016
nossa,arquivo,segurança,0.763992
nossa,objeto,desenvolvimento,0.717420
nossa,configurar,manutenção,0.675569
nossa,entrada,tráfego,0.628786
nossa,senha,vulnerabilidade,0.498662
nossa,função,corporativo,0.561191
nossa,backup,usuário,0.438569
nossa,enviar,definir,0.691951
nossa,teste,ação,0.578811
nossa,tamanho,transmissão,0.700352
nossa,operação,necessário,0.491108
nossa,informação,verificar,0.561935
nossa,criar,coluna,0.595392
nossa,modelo,autenticação,0.642220
nossa,política,responsável,0.537087
nossa,base,gerar,0.551765
nossa,código,proteção,0.735509
nossa,regra,gerenciamento,0.580476
nossa,protocolo,incluir,0.667194
nossa,resultado,contexto,0.692279
nossa,atividade,completo,0.679096
nossa,técnica,interno,0.582016
nossa,alto,precisar,0.546612
nossa,desempenho,oferecer,0.767575
nossa,ataque,dado,0.644412
nossa,operar,administrador,0.608779
nossa,camada,conexão,0.588208
nossa,interface,tabela,0.563935
nossa,reduzir,web,0.379493
nossa,domínio,infraestrutura,0.617251
nossa,máquina,execução,0.544169
nossa,endereço,relacionar,0.698762
nossa,tarefa,programa,0.579006
nossa,armazenar,classe,0.593642
nossa,definição,pacote,0.685089
nossa,permissão,método,0.749003
nossa,configuração,receber,0.476518
nossa,virtual,seguro,0.460293
nossa,nome,fornecer,0.633286
nossa,host,comando,0.382307
nossa,padrão,adotar,0.662490
nossa,implementação,roteador,0.422006
nossa,equipe,mensagem,0.614353
nossa,plano,proteger,0.623583
nossa,exigir,requisito,0.543037
nossa,realizar,atender,0.547456
nossa,princípio,cliente,0.461418
nossa,evento,servidor,0.641366
nossa,operacional,utilização,0.768810
nossa,armazenamento,conjunto,0.565629
nossa,componente,acessar,0.515236
nossa,confidencialidade,linha,0.523316
nossa,avaliar,negócio,0.509248
nossa,organização,implementar,0.328603
nossa,cenário,registro,0.469203
nossa,capacidade,determinar,0.493096
nossa,modo,criptografia,0.552596
nossa,basear,físico,0.506977
nossa,serviço,único,0.638399
nossa,compartilhar,técnico,0.544565
nossa,necessidade,porta,0.631305
nossa,ambiente,digital,0.481484
nossa,mecanismo,banco,0.511510
nossa,arquitetura,ferramenta,0.771007
nossa,eficiente,adequado,0.668976
nossa,chave,lógico,0.531311
nossa,ordem,gestão,0.665640
nossa,identificar,disponibilidade,0.790962
nossa,garantir,objetivo,0.582440
nossa,manter,tecnologia,0.358765
nossa,versão,uso,0.780798
nossa,consulta,apresentar,0.477402
nossa,pessoal,aplicar,0.541923
nossa,aplicação,estrutura,0.787626
nossa,atributo,falha,0.596928
nossa,software,característica,0.459368
nossa,fluxo,pessoa,0.320647
nossa,específico,evitar,0.648541
nossa,risco,múltiplo,0.692027
nossa,gerenciar,estratégia,0.646834
nossa,comunicação,rede,0.508676
nossa,página,aplicativo,0.505686
nossa,privado,público,0.540196
nossa,algoritmo,elemento,0.638621
nossa,conceito,empresa,0.539336
nossa,trabalho,documento,0.521022
nossa,autorizar,linguagem,0.648707
nossa,memória,principal,0.483435
nossa,recurso,permitir,0.656049
nossa,processo,representar,0.601701
nossa,transação,dispositivo,0.731756
nossa,estabelecer,ativo,0.696591
nossa,executar,dia,0.437160
nossa,computador,nuvem,0.471430
nossa,projeto,prática,0.747998
nossa,externo,acesso,0.425863
nossa,controle,bit,0.443624
