rank,lema,frequencia,textos
1,dado,809,598
2,rede,697,499
3,segurança,420,324
4,usuário,359,292
5,servidor,328,253
6,informação,321,247
7,acesso,314,262
8,permitir,313,288
9,processo,309,241
10,serviço,296,234
11,protocolo,288,205
12,aplicação,248,212
13,modelo,237,154
14,arquivo,232,163
15,endereço,219,148
16,definir,201,182
17,camada,193,121
18,garantir,184,175
19,padrão,184,147
20,execução,178,151
21,uso,177,168
22,criptografia,174,140
23,dispositivo,173,148
24,recurso,166,143
25,software,164,126
26,chave,163,117
27,executar,162,153
28,realizar,162,144
29,controle,159,145
30,operacional,158,142
31,backup,156,86
32,apresentar,153,142
33,código,153,125
34,comando,151,108
35,organização,150,133
36,computador,148,130
37,autenticação,142,118
38,criar,139,128
39,tabela,138,107
40,risco,138,92
41,comunicação,136,115
42,banco,136,112
43,teste,136,75
44,ataque,133,105
45,desenvolvimento,130,105
46,função,128,104
47,pacote,127,110
48,operação,125,102
49,implementar,124,113
50,objetivo,124,112
51,empresa,123,99
52,cliente,122,96
53,contexto,120,116
54,ambiente,120,111
55,configuração,120,107
56,principal,118,108
57,público,118,101
58,nuvem,118,75
59,identificar,117,111
60,memória,114,75
61,gerenciamento,112,101
62,base,109,104
63,projeto,108,89
64,equipe,107,86
65,objeto,107,67
66,armazenar,105,99
67,análise,103,96
68,estrutura,102,85
69,porta,102,73
70,responsável,100,97
71,prática,100,90
72,página,99,90
73,requisito,99,73
74,técnica,98,84
75,gestão,98,82
76,tecnologia,97,82
77,tráfego,96,92
78,físico,96,83
79,infraestrutura,96,83
80,método,95,83
81,conexão,94,86
82,basear,93,85
83,único,92,90
84,mensagem,92,67
85,classe,92,62
86,virtual,91,65
87,específico,90,88
88,gerenciar,90,81
89,atributo,88,67
90,necessidade,87,85
91,digital,87,76
92,falha,86,75
93,manter,85,81
94,arquitetura,85,68
95,mecanismo,84,77
96,precisar,83,81
97,consulta,83,66
98,característica,82,69
99,conjunto,81,78
100,armazenamento,81,73
101,proteger,80,75
102,integridade,79,76
103,interface,79,72
104,desempenho,79,70
105,permissão,79,60
106,alto,78,72
107,completo,78,69
108,algoritmo,78,61
109,representar,77,74
110,nome,77,65
111,necessário,76,73
112,solução,76,63
113,princípio,75,64
114,interno,74,68
115,privado,74,64
116,máquina,74,58
117,ferramenta,73,60
118,aplicar,72,69
119,seguro,71,65
120,técnico,71,62
121,negócio,71,58
122,problema,71,57
123,coluna,70,54
124,implementação,69,68
125,acessar,69,65
126,atividade,69,61
127,ação,69,59
128,modo,69,51
129,entrada,68,60
130,linguagem,68,59
131,corporativo,67,65
132,componente,67,58
133,determinar,66,64
134,fornecer,66,64
135,linha,66,54
136,domínio,66,51
137,configurar,65,62
138,pessoal,65,58
139,registro,65,49
140,estabelecer,64,62
141,adotar,64,59
142,versão,64,59
143,host,64,54
144,trabalho,64,53
145,incluir,63,61
146,oferecer,63,61
147,tarefa,63,56
148,ordem,62,59
149,plano,62,50
150,capacidade,61,53
151,aplicativo,61,51
152,transação,61,45
153,disponibilidade,60,60
154,política,60,54
155,autorizar,60,50
156,exigir,59,59
157,reduzir,59,58
158,adequado,59,57
159,senha,59,55
160,enviar,58,57
161,resultado,58,56
162,operar,58,53
163,transmissão,57,47
164,bit,57,44
165,compartilhar,56,56
166,definição,56,54
167,conceito,56,52
168,vulnerabilidade,56,49
169,múltiplo,55,54
170,cenário,55,53
171,manutenção,55,53
172,regra,55,53
173,proteção,55,51
174,ativo,55,49
175,evento,55,49
176,roteador,55,49
177,web,55,46
178,relacionar,54,52
179,avaliar,54,51
180,programa,54,46
181,lógico,53,51
182,evitar,53,50
183,fluxo,53,49
184,utilização,53,48
185,atender,52,45
186,estratégia,52,43
187,tamanho,52,41
188,índice,52,38
189,dia,52,30
190,externo,51,50
191,pessoa,51,44
192,elemento,51,42
193,administrador,51,41
194,incidente,51,38
195,verificar,50,50
196,gerar,50,49
197,receber,50,48
198,documento,50,44
199,confidencialidade,49,48
200,eficiente,49,48
