Anotador: Gabriela Dellamora,,
Escala:,,
1,Totalmente dissimilar (ou Muito diferente),
2,Parcialmente dissimilar (ou Um pouco diferente),
3,"Neutro / Indiferente (Nem similar, nem dissimilar)",
4,Parcialmente similar (ou Um pouco parecido),
5,Totalmente similar (ou Muito parecido),
palavra_1,palavra_2,similaridade
análise,índice,1
integridade,incidente,1
solução,problema,1
arquivo,segurança,1
objeto,desenvolvimento,1
configurar,manutenção,2
entrada,tráfego,1
senha,vulnerabilidade,1
função,corporativo,1
backup,usuário,1
enviar,definir,1
teste,ação,1
tamanho,transmissão,1
operação,necessário,1
informação,verificar,1
criar,coluna,1
modelo,autenticação,1
política,responsável,1
base,gerar,1
código,proteção,1
regra,gerenciamento,1
protocolo,incluir,1
resultado,contexto,1
atividade,completo,1
técnica,interno,1
alto,precisar,1
desempenho,oferecer,1
ataque,dado,1
operar,administrador,1
camada,conexão,1
interface,tabela,1
reduzir,web,1
domínio,infraestrutura,1
máquina,execução,1
endereço,relacionar,1
tarefa,programa,1
armazenar,classe,1
definição,pacote,1
permissão,método,1
configuração,receber,1
virtual,seguro,1
nome,fornecer,1
host,comando,1
padrão,adotar,1
implementação,roteador,1
equipe,mensagem,1
plano,proteger,1
exigir,requisito,3
realizar,atender,2
princípio,cliente,1
evento,servidor,1
operacional,utilização,1
armazenamento,conjunto,1
componente,acessar,1
confidencialidade,linha,1
avaliar,negócio,1
organização,implementar,1
cenário,registro,1
capacidade,determinar,1
modo,criptografia,1
basear,físico,1
serviço,único,1
compartilhar,técnico,1
necessidade,porta,1
ambiente,digital,1
mecanismo,banco,1
arquitetura,ferramenta,1
eficiente,adequado,3
chave,lógico,1
ordem,gestão,1
identificar,disponibilidade,1
garantir,objetivo,1
manter,tecnologia,1
versão,uso,1
consulta,apresentar,1
pessoal,aplicar,1
aplicação,estrutura,1
atributo,falha,1
software,característica,1
fluxo,pessoa,1
específico,evitar,1
risco,múltiplo,1
gerenciar,estratégia,1
comunicação,rede,2
página,aplicativo,1
privado,público,2
algoritmo,elemento,1
conceito,empresa,1
trabalho,documento,1
autorizar,linguagem,1
memória,principal,1
recurso,permitir,1
processo,representar,1
transação,dispositivo,1
estabelecer,ativo,1
executar,dia,1
computador,nuvem,2
projeto,prática,1
externo,acesso,1
controle,bit,1
