Anotador: Renato Trindade,,
Escala:,,
1,Totalmente dissimilar (ou Muito diferente),
2,Parcialmente dissimilar (ou Um pouco diferente),
3,"Neutro / Indiferente (Nem similar, nem dissimilar)",
4,Parcialmente similar (ou Um pouco parecido),
5,Totalmente similar (ou Muito parecido),
palavra_1,palavra_2,similaridade
análise,índice,1
integridade,incidente,1
solução,problema,2
arquivo,segurança,1
objeto,desenvolvimento,1
configurar,manutenção,1
entrada,tráfego,4
senha,vulnerabilidade,4
função,corporativo,1
backup,usuário,1
enviar,definir,1
teste,ação,1
tamanho,transmissão,1
operação,necessário,1
informação,verificar,1
criar,coluna,1
modelo,autenticação,4
política,responsável,1
base,gerar,4
código,proteção,5
regra,gerenciamento,1
protocolo,incluir,1
resultado,contexto,1
atividade,completo,1
técnica,interno,1
alto,precisar,1
desempenho,oferecer,1
ataque,dado,4
operar,administrador,4
camada,conexão,4
interface,tabela,4
reduzir,web,1
domínio,infraestrutura,5
máquina,execução,4
endereço,relacionar,1
tarefa,programa,4
armazenar,classe,1
definição,pacote,1
permissão,método,1
configuração,receber,1
virtual,seguro,4
nome,fornecer,1
host,comando,5
padrão,adotar,4
implementação,roteador,1
equipe,mensagem,1
plano,proteger,1
exigir,requisito,5
realizar,atender,4
princípio,cliente,1
evento,servidor,1
operacional,utilização,1
armazenamento,conjunto,1
componente,acessar,4
confidencialidade,linha,1
avaliar,negócio,1
organização,implementar,1
cenário,registro,1
capacidade,determinar,1
modo,criptografia,1
basear,físico,1
serviço,único,1
compartilhar,técnico,1
necessidade,porta,1
ambiente,digital,1
mecanismo,banco,1
arquitetura,ferramenta,4
eficiente,adequado,1
chave,lógico,1
ordem,gestão,5
identificar,disponibilidade,1
garantir,objetivo,1
manter,tecnologia,1
versão,uso,1
consulta,apresentar,1
pessoal,aplicar,1
aplicação,estrutura,3
atributo,falha,3
software,característica,3
fluxo,pessoa,2
específico,evitar,1
risco,múltiplo,1
gerenciar,estratégia,2
comunicação,rede,5
página,aplicativo,4
privado,público,2
algoritmo,elemento,1
conceito,empresa,1
trabalho,documento,1
autorizar,linguagem,1
memória,principal,1
recurso,permitir,3
processo,representar,1
transação,dispositivo,1
estabelecer,ativo,1
executar,dia,1
computador,nuvem,5
projeto,prática,1
externo,acesso,3
controle,bit,1
