palavra_1,palavra_2,similaridade_a1,similaridade_a2,similaridade_media
análise,índice,1,1,1.0
integridade,incidente,1,1,1.0
solução,problema,1,2,1.5
arquivo,segurança,1,1,1.0
objeto,desenvolvimento,1,1,1.0
configurar,manutenção,2,1,1.5
entrada,tráfego,1,4,2.5
senha,vulnerabilidade,1,4,2.5
função,corporativo,1,1,1.0
backup,usuário,1,1,1.0
enviar,definir,1,1,1.0
teste,ação,1,1,1.0
tamanho,transmissão,1,1,1.0
operação,necessário,1,1,1.0
informação,verificar,1,1,1.0
criar,coluna,1,1,1.0
modelo,autenticação,1,4,2.5
política,responsável,1,1,1.0
base,gerar,1,4,2.5
código,proteção,1,5,3.0
regra,gerenciamento,1,1,1.0
protocolo,incluir,1,1,1.0
resultado,contexto,1,1,1.0
atividade,completo,1,1,1.0
técnica,interno,1,1,1.0
alto,precisar,1,1,1.0
desempenho,oferecer,1,1,1.0
ataque,dado,1,4,2.5
operar,administrador,1,4,2.5
camada,conexão,1,4,2.5
interface,tabela,1,4,2.5
reduzir,web,1,1,1.0
domínio,infraestrutura,1,5,3.0
máquina,execução,1,4,2.5
endereço,relacionar,1,1,1.0
tarefa,programa,1,4,2.5
armazenar,classe,1,1,1.0
definição,pacote,1,1,1.0
permissão,método,1,1,1.0
configuração,receber,1,1,1.0
virtual,seguro,1,4,2.5
nome,fornecer,1,1,1.0
host,comando,1,5,3.0
padrão,adotar,1,4,2.5
implementação,roteador,1,1,1.0
equipe,mensagem,1,1,1.0
plano,proteger,1,1,1.0
exigir,requisito,3,5,4.0
realizar,atender,2,4,3.0
princípio,cliente,1,1,1.0
evento,servidor,1,1,1.0
operacional,utilização,1,1,1.0
armazenamento,conjunto,1,1,1.0
componente,acessar,1,4,2.5
confidencialidade,linha,1,1,1.0
avaliar,negócio,1,1,1.0
organização,implementar,1,1,1.0
cenário,registro,1,1,1.0
capacidade,determinar,1,1,1.0
modo,criptografia,1,1,1.0
basear,físico,1,1,1.0
serviço,único,1,1,1.0
compartilhar,técnico,1,1,1.0
necessidade,porta,1,1,1.0
ambiente,digital,1,1,1.0
mecanismo,banco,1,1,1.0
arquitetura,ferramenta,1,4,2.5
eficiente,adequado,3,1,2.0
chave,lógico,1,1,1.0
ordem,gestão,1,5,3.0
identificar,disponibilidade,1,1,1.0
garantir,objetivo,1,1,1.0
manter,tecnologia,1,1,1.0
versão,uso,1,1,1.0
consulta,apresentar,1,1,1.0
pessoal,aplicar,1,1,1.0
aplicação,estrutura,1,3,2.0
atributo,falha,1,3,2.0
software,característica,1,3,2.0
fluxo,pessoa,1,2,1.5
específico,evitar,1,1,1.0
risco,múltiplo,1,1,1.0
gerenciar,estratégia,1,2,1.5
comunicação,rede,2,5,3.5
página,aplicativo,1,4,2.5
privado,público,2,2,2.0
algoritmo,elemento,1,1,1.0
conceito,empresa,1,1,1.0
trabalho,documento,1,1,1.0
autorizar,linguagem,1,1,1.0
memória,principal,1,1,1.0
recurso,permitir,1,3,2.0
processo,representar,1,1,1.0
transação,dispositivo,1,1,1.0
estabelecer,ativo,1,1,1.0
executar,dia,1,1,1.0
computador,nuvem,2,5,3.5
projeto,prática,1,1,1.0
externo,acesso,1,3,2.0
controle,bit,1,1,1.0
